{
    "id": 1,
    "title": "macdonald_burger",
    "format" : "jpeg",
    "type" : "Image",
    "mediaType" : 3,
    "height" : 2200,
    "width": 4000,
    "size" : "4MB",
    "createAt" : "04 AUG 2022 4:03PM",
    "updatedAt" :"05 AUG 2022 4:03PM",
    "social" : {
        "id" : 2,
        "name" : "Instagram",
        "icon" : "instagram",
        "url" : "https://www.flickr.com/photos/stephenleonardi/albums/72157659920909588"
    },
    "postedBy" : {
        "name" : "Samuel Short",
        "userName" : "samuel_short"
    },
    "tags" : ["#macdonald", "Restaurant", "Burger", "#macdonaldUSA", "California", "#starbucks", "Restaurant"],
    "description": "Now, that’s more like a lip-smacking shot of my BBQ cheeseburger.",
    "location": "Belarus, Mogilev",
    "fileLocation" : "California Store",
    "ugcRights" : "approved",
    "pinToTop" : 2,
    "favourite" : false,
    "urls": {
        "full": "https://images.pexels.com/photos/11470549/pexels-photo-11470549.jpeg",
        "medium": "https://images.pexels.com/photos/11470549/pexels-photo-11470549.jpeg?auto=compress&cs=tinysrgb&w=500",
        "small": "https://images.pexels.com/photos/11470549/pexels-photo-11470549.jpeg?auto=compress&cs=tinysrgb&w=150"
    }
},
{
    "id": 2,
    "title": "Photo",
    "format" : "jpeg",
    "type" : "Image",
    "mediaType" : 3,
    "height" : 3957,
    "width": 6000,
    "size" : "5.21 MB",
    "createAt" : "04 AUG 2022 4:03PM",
    "updatedAt" :"05 AUG 2022 4:03PM",
    "social" : {
        "id" : 2,
        "name" : "Instagram",
        "icon" : "instagram",
        "url" : "https://www.flickr.com/photos/stephenleonardi/albums/72157659920909588"
    },
    "postedBy" : {
        "name" : "Samuel Short",
        "userName" : "samuel_short"
    },
    "tags" : ["#macdonald", "Restaurant", "Burger", "#macdonaldUSA", "California", "#starbucks", "Restaurant"],
    "description": "Now, that’s more like a lip-smacking shot of my BBQ cheeseburger.",
    "location": "Belarus, Mogilev",
    "fileLocation" : "California Store",
    "ugcRights" : "approved",
    "pinToTop" : 2,
    "favourite" : false,
    "urls": {
        "full": "https://images.pexels.com/photos/1787176/pexels-photo-1787176.jpeg",
        "medium": "https://images.pexels.com/photos/1787176/pexels-photo-1787176.jpeg?auto=compress&cs=tinysrgb&w=500",
        "small": "https://images.pexels.com/photos/1787176/pexels-photo-1787176.jpeg?auto=compress&cs=tinysrgb&w=150"
    }
},
{
    "id": 2,
    "title": "Photo",
    "format" : "jpeg",
    "type" : "Image",
    "mediaType" : 3,
    "height" : 3957,
    "width": 6000,
    "size" : "5.21 MB",
    "createAt" : "04 AUG 2022 4:03PM",
    "updatedAt" :"05 AUG 2022 4:03PM",
    "social" : {
        "id" : 3,
        "name" : "Twitter",
        "icon" : "twitter",
        "url" : "https://www.flickr.com/photos/stephenleonardi/albums/72157659920909588"
    },
    "postedBy" : {
        "name" : "Samuel Short",
        "userName" : "samuel_short"
    },
    "tags" : ["#macdonald", "Restaurant", "Burger", "#macdonaldUSA", "California", "#starbucks", "Restaurant"],
    "description": "Now, that’s more like a lip-smacking shot of my BBQ cheeseburger.",
    "location": "Belarus, Mogilev",
    "fileLocation" : "California Store",
    "ugcRights" : "approved",
    "pinToTop" : 2,
    "favourite" : false,
    "urls": {
        "full": "https://images.pexels.com/photos/2045311/pexels-photo-2045311.jpeg",
        "medium": "https://images.pexels.com/photos/2045311/pexels-photo-2045311.jpeg?auto=compress&cs=tinysrgb&w=500",
        "small": "https://images.pexels.com/photos/2045311/pexels-photo-2045311.jpeg?auto=compress&cs=tinysrgb&w=150"
    }
},
{
    "id": 2,
    "title": "Photo",
    "format" : "jpeg",
    "type" : "Image",
    "mediaType" : 3,
    "height" : 3957,
    "width": 6000,
    "size" : "5.21 MB",
    "createAt" : "04 AUG 2022 4:03PM",
    "updatedAt" :"05 AUG 2022 4:03PM",
    "social" : {
        "id" : 3,
        "name" : "Twitter",
        "icon" : "twitter",
        "url" : "https://www.flickr.com/photos/stephenleonardi/albums/72157659920909588"
    },
    "postedBy" : {
        "name" : "Samuel Short",
        "userName" : "samuel_short"
    },
    "tags" : ["#macdonald", "Restaurant", "Burger", "#macdonaldUSA", "California", "#starbucks", "Restaurant"],
    "description": "Now, that’s more like a lip-smacking shot of my BBQ cheeseburger.",
    "location": "Belarus, Mogilev",
    "fileLocation" : "California Store",
    "ugcRights" : "approved",
    "pinToTop" : 2,
    "favourite" : false,
    "urls": {
        "full": "https://images.pexels.com/photos/2095486/pexels-photo-2095486.jpeg",
        "medium": "https://images.pexels.com/photos/2095486/pexels-photo-2095486.jpeg?auto=compress&cs=tinysrgb&w=500",
        "small": "https://images.pexels.com/photos/2095486/pexels-photo-2095486.jpeg?auto=compress&cs=tinysrgb&w=150"
    }
},
{
    "id": 2,
    "title": "Photo",
    "format" : "jpeg",
    "type" : "Image",
    "mediaType" : 3,
    "height" : 3957,
    "width": 6000,
    "size" : "5.21 MB",
    "createAt" : "04 AUG 2022 4:03PM",
    "updatedAt" :"05 AUG 2022 4:03PM",
    "social" : {
        "id" : 3,
        "name" : "Twitter",
        "icon" : "twitter",
        "url" : "https://www.flickr.com/photos/stephenleonardi/albums/72157659920909588"
    },
    "postedBy" : {
        "name" : "Samuel Short",
        "userName" : "samuel_short"
    },
    "tags" : ["#macdonald", "Restaurant", "Burger", "#macdonaldUSA", "California", "#starbucks", "Restaurant"],
    "description": "Now, that’s more like a lip-smacking shot of my BBQ cheeseburger.",
    "location": "Belarus, Mogilev",
    "fileLocation" : "California Store",
    "ugcRights" : "approved",
    "pinToTop" : 2,
    "favourite" : false,
    "urls": {
        "full": "https://images.pexels.com/photos/2095486/pexels-photo-2095486.jpeg",
        "medium": "https://images.pexels.com/photos/2095486/pexels-photo-2095486.jpeg?auto=compress&cs=tinysrgb&w=500",
        "small": "https://images.pexels.com/photos/2095486/pexels-photo-2095486.jpeg?auto=compress&cs=tinysrgb&w=150"
    }
},
{
    "id": 2,
    "title": "Photo",
    "format" : "jpeg",
    "type" : "Image",
    "mediaType" : 3,
    "height" : 3957,
    "width": 6000,
    "size" : "5.21 MB",
    "createAt" : "04 AUG 2022 4:03PM",
    "updatedAt" :"05 AUG 2022 4:03PM",
    "social" : {
        "id" : 3,
        "name" : "Twitter",
        "icon" : "twitter",
        "url" : "https://www.flickr.com/photos/stephenleonardi/albums/72157659920909588"
    },
    "postedBy" : {
        "name" : "Samuel Short",
        "userName" : "samuel_short"
    },
    "tags" : ["#macdonald", "Restaurant", "Burger", "#macdonaldUSA", "California", "#starbucks", "Restaurant"],
    "description": "Now, that’s more like a lip-smacking shot of my BBQ cheeseburger.",
    "location": "Belarus, Mogilev",
    "fileLocation" : "California Store",
    "ugcRights" : "approved",
    "pinToTop" : 2,
    "favourite" : false,
    "urls": {
        "full": "https://images.pexels.com/photos/12803184/pexels-photo-12803184.jpeg",
        "medium": "https://images.pexels.com/photos/12803184/pexels-photo-12803184.jpeg?auto=compress&cs=tinysrgb&w=500",
        "small": "https://images.pexels.com/photos/12803184/pexels-photo-12803184.jpeg?auto=compress&cs=tinysrgb&w=150"
    }
},
{
    "id": 2,
    "title": "Photo",
    "format" : "jpeg",
    "type" : "Image",
    "mediaType" : 3,
    "height" : 3957,
    "width": 6000,
    "size" : "5.21 MB",
    "createAt" : "04 AUG 2022 4:03PM",
    "updatedAt" :"05 AUG 2022 4:03PM",
    "social" : {
        "id" : 3,
        "name" : "Twitter",
        "icon" : "twitter",
        "url" : "https://www.flickr.com/photos/stephenleonardi/albums/72157659920909588"
    },
    "postedBy" : {
        "name" : "Samuel Short",
        "userName" : "samuel_short"
    },
    "tags" : ["#macdonald", "Restaurant", "Burger", "#macdonaldUSA", "California", "#starbucks", "Restaurant"],
    "description": "Now, that’s more like a lip-smacking shot of my BBQ cheeseburger.",
    "location": "Belarus, Mogilev",
    "fileLocation" : "California Store",
    "ugcRights" : "approved",
    "pinToTop" : 2,
    "favourite" : false,
    "urls": {
        "full": "https://images.pexels.com/photos/9396971/pexels-photo-9396971.jpeg",
        "medium": "https://images.pexels.com/photos/9396971/pexels-photo-9396971.jpeg?auto=compress&cs=tinysrgb&w=500",
        "small": "https://images.pexels.com/photos/9396971/pexels-photo-9396971.jpeg?auto=compress&cs=tinysrgb&w=150"
    }
},
{
    "id": 2,
    "title": "Photo",
    "format" : "jpeg",
    "type" : "Image",
    "mediaType" : 3,
    "height" : 3957,
    "width": 6000,
    "size" : "5.21 MB",
    "createAt" : "04 AUG 2022 4:03PM",
    "updatedAt" :"05 AUG 2022 4:03PM",
    "social" : {
        "id" : 3,
        "name" : "Twitter",
        "icon" : "twitter",
        "url" : "https://www.flickr.com/photos/stephenleonardi/albums/72157659920909588"
    },
    "postedBy" : {
        "name" : "Samuel Short",
        "userName" : "samuel_short"
    },
    "tags" : ["#macdonald", "Restaurant", "Burger", "#macdonaldUSA", "California", "#starbucks", "Restaurant"],
    "description": "Now, that’s more like a lip-smacking shot of my BBQ cheeseburger.",
    "location": "Belarus, Mogilev",
    "fileLocation" : "California Store",
    "ugcRights" : "approved",
    "pinToTop" : 2,
    "favourite" : false,
    "urls": {
        "full": "https://images.pexels.com/photos/7731985/pexels-photo-7731985.jpeg",
        "medium": "https://images.pexels.com/photos/7731985/pexels-photo-7731985.jpeg?auto=compress&cs=tinysrgb&w=500",
        "small": "https://images.pexels.com/photos/7731985/pexels-photo-7731985.jpeg?auto=compress&cs=tinysrgb&w=150"
    }
},
{
    "id": 2,
    "title": "Photo",
    "format" : "jpeg",
    "type" : "Image",
    "mediaType" : 3,
    "height" : 3957,
    "width": 6000,
    "size" : "5.21 MB",
    "createAt" : "04 AUG 2022 4:03PM",
    "updatedAt" :"05 AUG 2022 4:03PM",
    "social" : {
        "id" : 3,
        "name" : "Twitter",
        "icon" : "twitter",
        "url" : "https://www.flickr.com/photos/stephenleonardi/albums/72157659920909588"
    },
    "postedBy" : {
        "name" : "Samuel Short",
        "userName" : "samuel_short"
    },
    "tags" : ["#macdonald", "Restaurant", "Burger", "#macdonaldUSA", "California", "#starbucks", "Restaurant"],
    "description": "Now, that’s more like a lip-smacking shot of my BBQ cheeseburger.",
    "location": "Belarus, Mogilev",
    "fileLocation" : "California Store",
    "ugcRights" : "approved",
    "pinToTop" : 2,
    "favourite" : false,
    "urls": {
        "full": "https://images.pexels.com/photos/5679547/pexels-photo-5679547.jpeg",
        "medium": "https://images.pexels.com/photos/5679547/pexels-photo-5679547.jpeg?auto=compress&cs=tinysrgb&w=500",
        "small": "https://images.pexels.com/photos/5679547/pexels-photo-5679547.jpeg?auto=compress&cs=tinysrgb&w=150"
    }
},
{
    "id": 1,
    "title": "macdonald_burger",
    "format" : "jpeg",
    "type" : "Image",
    "mediaType" : 3,
    "height" : 2200,
    "width": 4000,
    "size" : "4MB",
    "createAt" : "04 AUG 2022 4:03PM",
    "updatedAt" :"05 AUG 2022 4:03PM",
    "social" : {
        "id" : 2,
        "name" : "Instagram",
        "icon" : "instagram",
        "url" : "https://www.flickr.com/photos/stephenleonardi/albums/72157659920909588"
    },
    "postedBy" : {
        "name" : "Samuel Short",
        "userName" : "samuel_short"
    },
    "tags" : ["#macdonald", "Restaurant", "Burger", "#macdonaldUSA", "California", "#starbucks", "Restaurant"],
    "description": "Now, that’s more like a lip-smacking shot of my BBQ cheeseburger.",
    "location": "Belarus, Mogilev",
    "fileLocation" : "California Store",
    "ugcRights" : "approved",
    "pinToTop" : 2,
    "favourite" : false,
    "urls": {
        "full": "https://images.pexels.com/photos/11470549/pexels-photo-11470549.jpeg",
        "medium": "https://images.pexels.com/photos/11470549/pexels-photo-11470549.jpeg?auto=compress&cs=tinysrgb&w=500",
        "small": "https://images.pexels.com/photos/11470549/pexels-photo-11470549.jpeg?auto=compress&cs=tinysrgb&w=150"
    }
},
{
    "id": 2,
    "title": "Photo",
    "format" : "jpeg",
    "type" : "Image",
    "mediaType" : 3,
    "height" : 3957,
    "width": 6000,
    "size" : "5.21 MB",
    "createAt" : "04 AUG 2022 4:03PM",
    "updatedAt" :"05 AUG 2022 4:03PM",
    "social" : {
        "id" : 2,
        "name" : "Instagram",
        "icon" : "instagram",
        "url" : "https://www.flickr.com/photos/stephenleonardi/albums/72157659920909588"
    },
    "postedBy" : {
        "name" : "Samuel Short",
        "userName" : "samuel_short"
    },
    "tags" : ["#macdonald", "Restaurant", "Burger", "#macdonaldUSA", "California", "#starbucks", "Restaurant"],
    "description": "Now, that’s more like a lip-smacking shot of my BBQ cheeseburger.",
    "location": "Belarus, Mogilev",
    "fileLocation" : "California Store",
    "ugcRights" : "approved",
    "pinToTop" : 2,
    "favourite" : false,
    "urls": {
        "full": "https://images.pexels.com/photos/1787176/pexels-photo-1787176.jpeg",
        "medium": "https://images.pexels.com/photos/1787176/pexels-photo-1787176.jpeg?auto=compress&cs=tinysrgb&w=500",
        "small": "https://images.pexels.com/photos/1787176/pexels-photo-1787176.jpeg?auto=compress&cs=tinysrgb&w=150"
    }
},
{
    "id": 2,
    "title": "Photo",
    "format" : "jpeg",
    "type" : "Image",
    "mediaType" : 3,
    "height" : 3957,
    "width": 6000,
    "size" : "5.21 MB",
    "createAt" : "04 AUG 2022 4:03PM",
    "updatedAt" :"05 AUG 2022 4:03PM",
    "social" : {
        "id" : 3,
        "name" : "Twitter",
        "icon" : "twitter",
        "url" : "https://www.flickr.com/photos/stephenleonardi/albums/72157659920909588"
    },
    "postedBy" : {
        "name" : "Samuel Short",
        "userName" : "samuel_short"
    },
    "tags" : ["#macdonald", "Restaurant", "Burger", "#macdonaldUSA", "California", "#starbucks", "Restaurant"],
    "description": "Now, that’s more like a lip-smacking shot of my BBQ cheeseburger.",
    "location": "Belarus, Mogilev",
    "fileLocation" : "California Store",
    "ugcRights" : "approved",
    "pinToTop" : 2,
    "favourite" : false,
    "urls": {
        "full": "https://images.pexels.com/photos/2045311/pexels-photo-2045311.jpeg",
        "medium": "https://images.pexels.com/photos/2045311/pexels-photo-2045311.jpeg?auto=compress&cs=tinysrgb&w=500",
        "small": "https://images.pexels.com/photos/2045311/pexels-photo-2045311.jpeg?auto=compress&cs=tinysrgb&w=150"
    }
},
{
    "id": 2,
    "title": "Photo",
    "format" : "jpeg",
    "type" : "Image",
    "mediaType" : 3,
    "height" : 3957,
    "width": 6000,
    "size" : "5.21 MB",
    "createAt" : "04 AUG 2022 4:03PM",
    "updatedAt" :"05 AUG 2022 4:03PM",
    "social" : {
        "id" : 3,
        "name" : "Twitter",
        "icon" : "twitter",
        "url" : "https://www.flickr.com/photos/stephenleonardi/albums/72157659920909588"
    },
    "postedBy" : {
        "name" : "Samuel Short",
        "userName" : "samuel_short"
    },
    "tags" : ["#macdonald", "Restaurant", "Burger", "#macdonaldUSA", "California", "#starbucks", "Restaurant"],
    "description": "Now, that’s more like a lip-smacking shot of my BBQ cheeseburger.",
    "location": "Belarus, Mogilev",
    "fileLocation" : "California Store",
    "ugcRights" : "approved",
    "pinToTop" : 2,
    "favourite" : false,
    "urls": {
        "full": "https://images.pexels.com/photos/2095486/pexels-photo-2095486.jpeg",
        "medium": "https://images.pexels.com/photos/2095486/pexels-photo-2095486.jpeg?auto=compress&cs=tinysrgb&w=500",
        "small": "https://images.pexels.com/photos/2095486/pexels-photo-2095486.jpeg?auto=compress&cs=tinysrgb&w=150"
    }
},
{
    "id": 2,
    "title": "Photo",
    "format" : "jpeg",
    "type" : "Image",
    "mediaType" : 3,
    "height" : 3957,
    "width": 6000,
    "size" : "5.21 MB",
    "createAt" : "04 AUG 2022 4:03PM",
    "updatedAt" :"05 AUG 2022 4:03PM",
    "social" : {
        "id" : 3,
        "name" : "Twitter",
        "icon" : "twitter",
        "url" : "https://www.flickr.com/photos/stephenleonardi/albums/72157659920909588"
    },
    "postedBy" : {
        "name" : "Samuel Short",
        "userName" : "samuel_short"
    },
    "tags" : ["#macdonald", "Restaurant", "Burger", "#macdonaldUSA", "California", "#starbucks", "Restaurant"],
    "description": "Now, that’s more like a lip-smacking shot of my BBQ cheeseburger.",
    "location": "Belarus, Mogilev",
    "fileLocation" : "California Store",
    "ugcRights" : "approved",
    "pinToTop" : 2,
    "favourite" : false,
    "urls": {
        "full": "https://images.pexels.com/photos/2095486/pexels-photo-2095486.jpeg",
        "medium": "https://images.pexels.com/photos/2095486/pexels-photo-2095486.jpeg?auto=compress&cs=tinysrgb&w=500",
        "small": "https://images.pexels.com/photos/2095486/pexels-photo-2095486.jpeg?auto=compress&cs=tinysrgb&w=150"
    }
},
{
    "id": 2,
    "title": "Photo",
    "format" : "jpeg",
    "type" : "Image",
    "mediaType" : 3,
    "height" : 3957,
    "width": 6000,
    "size" : "5.21 MB",
    "createAt" : "04 AUG 2022 4:03PM",
    "updatedAt" :"05 AUG 2022 4:03PM",
    "social" : {
        "id" : 3,
        "name" : "Twitter",
        "icon" : "twitter",
        "url" : "https://www.flickr.com/photos/stephenleonardi/albums/72157659920909588"
    },
    "postedBy" : {
        "name" : "Samuel Short",
        "userName" : "samuel_short"
    },
    "tags" : ["#macdonald", "Restaurant", "Burger", "#macdonaldUSA", "California", "#starbucks", "Restaurant"],
    "description": "Now, that’s more like a lip-smacking shot of my BBQ cheeseburger.",
    "location": "Belarus, Mogilev",
    "fileLocation" : "California Store",
    "ugcRights" : "approved",
    "pinToTop" : 2,
    "favourite" : false,
    "urls": {
        "full": "https://images.pexels.com/photos/12803184/pexels-photo-12803184.jpeg",
        "medium": "https://images.pexels.com/photos/12803184/pexels-photo-12803184.jpeg?auto=compress&cs=tinysrgb&w=500",
        "small": "https://images.pexels.com/photos/12803184/pexels-photo-12803184.jpeg?auto=compress&cs=tinysrgb&w=150"
    }
},
{
    "id": 2,
    "title": "Photo",
    "format" : "jpeg",
    "type" : "Image",
    "mediaType" : 3,
    "height" : 3957,
    "width": 6000,
    "size" : "5.21 MB",
    "createAt" : "04 AUG 2022 4:03PM",
    "updatedAt" :"05 AUG 2022 4:03PM",
    "social" : {
        "id" : 3,
        "name" : "Twitter",
        "icon" : "twitter",
        "url" : "https://www.flickr.com/photos/stephenleonardi/albums/72157659920909588"
    },
    "postedBy" : {
        "name" : "Samuel Short",
        "userName" : "samuel_short"
    },
    "tags" : ["#macdonald", "Restaurant", "Burger", "#macdonaldUSA", "California", "#starbucks", "Restaurant"],
    "description": "Now, that’s more like a lip-smacking shot of my BBQ cheeseburger.",
    "location": "Belarus, Mogilev",
    "fileLocation" : "California Store",
    "ugcRights" : "approved",
    "pinToTop" : 2,
    "favourite" : false,
    "urls": {
        "full": "https://images.pexels.com/photos/9396971/pexels-photo-9396971.jpeg",
        "medium": "https://images.pexels.com/photos/9396971/pexels-photo-9396971.jpeg?auto=compress&cs=tinysrgb&w=500",
        "small": "https://images.pexels.com/photos/9396971/pexels-photo-9396971.jpeg?auto=compress&cs=tinysrgb&w=150"
    }
},
{
    "id": 2,
    "title": "Photo",
    "format" : "jpeg",
    "type" : "Image",
    "mediaType" : 3,
    "height" : 3957,
    "width": 6000,
    "size" : "5.21 MB",
    "createAt" : "04 AUG 2022 4:03PM",
    "updatedAt" :"05 AUG 2022 4:03PM",
    "social" : {
        "id" : 3,
        "name" : "Twitter",
        "icon" : "twitter",
        "url" : "https://www.flickr.com/photos/stephenleonardi/albums/72157659920909588"
    },
    "postedBy" : {
        "name" : "Samuel Short",
        "userName" : "samuel_short"
    },
    "tags" : ["#macdonald", "Restaurant", "Burger", "#macdonaldUSA", "California", "#starbucks", "Restaurant"],
    "description": "Now, that’s more like a lip-smacking shot of my BBQ cheeseburger.",
    "location": "Belarus, Mogilev",
    "fileLocation" : "California Store",
    "ugcRights" : "approved",
    "pinToTop" : 2,
    "favourite" : false,
    "urls": {
        "full": "https://images.pexels.com/photos/7731985/pexels-photo-7731985.jpeg",
        "medium": "https://images.pexels.com/photos/7731985/pexels-photo-7731985.jpeg?auto=compress&cs=tinysrgb&w=500",
        "small": "https://images.pexels.com/photos/7731985/pexels-photo-7731985.jpeg?auto=compress&cs=tinysrgb&w=150"
    }
},
{
    "id": 2,
    "title": "Photo",
    "format" : "jpeg",
    "type" : "Image",
    "mediaType" : 3,
    "height" : 3957,
    "width": 6000,
    "size" : "5.21 MB",
    "createAt" : "04 AUG 2022 4:03PM",
    "updatedAt" :"05 AUG 2022 4:03PM",
    "social" : {
        "id" : 3,
        "name" : "Twitter",
        "icon" : "twitter",
        "url" : "https://www.flickr.com/photos/stephenleonardi/albums/72157659920909588"
    },
    "postedBy" : {
        "name" : "Samuel Short",
        "userName" : "samuel_short"
    },
    "tags" : ["#macdonald", "Restaurant", "Burger", "#macdonaldUSA", "California", "#starbucks", "Restaurant"],
    "description": "Now, that’s more like a lip-smacking shot of my BBQ cheeseburger.",
    "location": "Belarus, Mogilev",
    "fileLocation" : "California Store",
    "ugcRights" : "approved",
    "pinToTop" : 2,
    "favourite" : false,
    "urls": {
        "full": "https://images.pexels.com/photos/5679547/pexels-photo-5679547.jpeg",
        "medium": "https://images.pexels.com/photos/5679547/pexels-photo-5679547.jpeg?auto=compress&cs=tinysrgb&w=500",
        "small": "https://images.pexels.com/photos/5679547/pexels-photo-5679547.jpeg?auto=compress&cs=tinysrgb&w=150"
    }
}